200_topic_id, 200_topic_name, resource_id, url
100,markov_decision_processes,7487,https://www.autonlab.org/_media/tutorials/mdp09.pdf
100,markov_decision_processes,6889,http://www.pomdp.org/tutorial/mdp.html
100,markov_decision_processes,63835,https://danieltakeshi.github.io/2015-08-02-markov-decision-processes-and-reinforcement-learning/
100,markov_decision_processes,7079,http://www.deeplearningindaba.com/uploads/1/0/2/6/102657286/introtoreinforcementlearning.pdf
100,markov_decision_processes,933,https://pdfs.semanticscholar.org/2389/9124a85eea50fd955812a33c50a663ece559.pdf
91,clustering,7479,https://www.autonlab.org/_media/tutorials/gmm14.pdf
91,clustering,7484,https://www.autonlab.org/_media/tutorials/kmeans11.pdf
91,clustering,5378,http://www.learndatasci.com/k-means-clustering-algorithms-python-intro/
91,clustering,7100,http://www.deeplearningindaba.com/uploads/1/0/2/6/102657286/unsupervised_learning.pdf
91,clustering,5820,https://www.datascience.com/blog/introduction-to-k-means-clustering-algorithm-learn-data-science-tutorials
81,kernel_function,3904,http://mlss.tuebingen.mpg.de/2017/speaker_slides/Bharath1.pdf
81,kernel_function,4166,https://www.tensorflow.org/versions/master/tutorials/kernel_methods
81,kernel_function,2086,http://tangra.cs.yale.edu/newaan/data/resources/files/2086.pdf
81,kernel_function,2418,http://www.kdnuggets.com/2016/02/tree-kernels-quantifying-similarity-tree-structured-data.html
81,kernel_function,870,https://people.eecs.berkeley.edu/~klein/papers/classification-tutorial-naacl2007.pdf
135,linear_programming,5369,https://www.analyticsvidhya.com/blog/2017/02/lintroductory-guide-on-linear-programming-explained-in-simple-english/
135,linear_programming,860,http://l2r.cs.illinois.edu/~danr/Talks/ILP-CCM-Tutorial-NAACL10.pdf
128,differential_calculus,7208,http://web.stanford.edu/class/cs224n/readings/review-differential-calculus.pdf
128,differential_calculus,4177,https://betterexplained.com/articles/derivatives-product-power-chain/
128,differential_calculus,6847,http://www.inf.ed.ac.uk/teaching/courses/mlpr/2017/notes/w0d_maths.html
128,differential_calculus,7053,http://www.deeplearningindaba.com/uploads/1/0/2/6/102657286/2017-09-10-deep-learning-indaba.pdf
128,differential_calculus,4434,http://timvieira.github.io/blog/post/2017/08/18/backprop-is-not-just-the-chain-rule/
34,tree_adjoining_grammar,2070,http://tangra.cs.yale.edu/newaan/data/resources/files/2070.pdf
34,tree_adjoining_grammar,11145,http://dx.doi.org/10.1162/COLI_a_00219
151,statistical_machine_translation,4364,http://lxmls.it.pt/2015/Talk_LuciaSpecia_LxMLS.pdf
151,statistical_machine_translation,2357,http://naacl2013.naacl.org/Documents/morph-syntax-semantic-knowledge-in-smt-naacl-2013-tutorial.pdf
151,statistical_machine_translation,2320,http://www.phontron.com/slides/building-smt-en-20120510.pdf
151,statistical_machine_translation,1825,https://www.cs.unc.edu/~mbansal/papers/nlp_shortcourse_bansal_ut2015.pdf
151,statistical_machine_translation,3970,https://www.slideshare.net/xavigiro/neural-machine-translation-d3l4-deep-learning-for-speech-and-language-upc-2017
73,multilingual_word,3793,http://sebastianruder.com/cross-lingual-embeddings/index.html
73,multilingual_word,6761,http://people.ds.cam.ac.uk/iv250/tutorial/xlingrep-tutorial.pdf
73,multilingual_word,2761,https://drive.google.com/file/d/0B16RwCMQqrtdU2ZNd29zdlJkcHc/view
73,multilingual_word,926,http://www.aclweb.org/anthology/attachments/P/P12/P12-4004.Presentation.pdf
73,multilingual_word,4357,http://lxmls.it.pt/2015/Navigli_Lisbon.pdf
105,matrix_factorization,4458,http://www.vision.jhu.edu/tutorials/CVPR16-Tutorial-Math-Deep-Learning-Rene.pdf
105,matrix_factorization,4345,http://lxmls.it.pt/2013/lecture_sebastian.pdf
105,matrix_factorization,1211,http://www.cs.cmu.edu/~jimeng/papers/ICMLtutorial.pdf
105,matrix_factorization,6424,https://medium.com/towards-data-science/how-did-we-build-book-recommender-systems-in-an-hour-part-2-k-nearest-neighbors-and-matrix-c04b3c2ef55c
105,matrix_factorization,7001,http://building-babylon.net/2016/05/12/skipgram-isnt-matrix-factorisation
193,pointer_networks,4153,http://fastml.com/introduction-to-pointer-networks/
193,pointer_networks,2787,https://medium.com/@devnag/pointer-networks-in-tensorflow-with-sample-code-14645063f264#.kilqlgdpj
193,pointer_networks,3544,http://www.abigailsee.com/2017/04/16/taming-rnns-for-better-summarization.html
193,pointer_networks,4719,http://www.fast.ai/2017/08/25/language-modeling-sota/
193,pointer_networks,4501,https://docs.google.com/presentation/d/1quIMxEEPEf5EkRHc2USQaoJRC4QNX6_KomdZTBMBWjk/edit?usp=drive_web
103,speech_recognition,3968,https://www.slideshare.net/xavigiro/speech-recognition-with-deep-neural-networks-d3l2-deep-learning-for-speech-and-language-upc-2017
103,speech_recognition,2331,https://github.com/oxford-cs-deepnlp-2017/lectures/blob/master/Lecture%209%20-%20Speech%20Recognition.pdf
103,speech_recognition,3972,https://www.slideshare.net/xavigiro/endtoend-speech-recognition-with-recurrent-neural-networks-d3l6-deep-learning-for-speech-and-language-upc-2017
103,speech_recognition,4508,http://lxmls.it.pt/2017/talk.pdf
103,speech_recognition,7166,https://www.oreilly.com/ideas/deep-learning-revolutionizes-conversational-ai
38,language_modeling,1789,http://videolectures.net/site/normal_dl/tag=1051857/deeplearning2016_cho_language_understanding_01.pdf
38,language_modeling,2326,https://github.com/oxford-cs-deepnlp-2017/lectures/blob/master/Lecture%204%20-%20Language%20Modelling%20and%20RNNs%20Part%202.pdf
38,language_modeling,1827,https://piotrmirowski.files.wordpress.com/2014/06/piotrmirowski_2014_wordembeddings.pdf
38,language_modeling,3906,https://drive.google.com/file/d/0B2A1tnmq5zQdRDQ1d29jNk5MOUk/view
16,coreference_and_coreference_resolution,4117,https://medium.com/huggingface/state-of-the-art-neural-coreference-resolution-for-chatbots-3302365dcf30
16,coreference_and_coreference_resolution,1825,https://www.cs.unc.edu/~mbansal/papers/nlp_shortcourse_bansal_ut2015.pdf
155,conditional_probability,4498,http://lxmls.it.pt/2017/Probability_Refresher_by_Figueiredo_LxMLS2017.pdf
155,conditional_probability,2032,http://tangra.cs.yale.edu/newaan/data/resources/files/2032.pdf
155,conditional_probability,7244,http://www.cedar.buffalo.edu/~srihari/CSE574/Chap1/Probability-Theory.pdf
155,conditional_probability,7247,https://www.cs.toronto.edu/~urtasun/courses/CSC411_Fall16/tutorial1.pdf
155,conditional_probability,7143,https://towardsdatascience.com/naive-bayes-in-machine-learning-f49cc8f831b4
106,spectral_methods,1207,https://www.cs.cmu.edu/~ggordon/spectral-learning/ggordon-slides.pdf
106,spectral_methods,4459,http://3ddl.stanford.edu/CVPR17_Tutorial_Intrinsic_CNNs_compressed.pdf
23,reinforcement_learning,7460,https://www.autonlab.org/_media/tutorials/rl06.pdf
23,reinforcement_learning,7227,https://github.com/ai-tor/deepbootcamp/blob/master/slides/Lec1intromdpsexactmethods.pdf
23,reinforcement_learning,5438,https://www.intelnervana.com/openai/
23,reinforcement_learning,5458,https://github.com/ShangtongZhang/reinforcement-learning-an-introduction
23,reinforcement_learning,4444,https://medium.com/towards-data-science/reinforcement-learning-w-keras-openai-actor-critic-models-f084612cfd69
60,morphological_disambiguation,1136,http://emnlp2014.org/tutorials/4_notes.pdf
41,sentence_boundary_recognition,3386,http://textminingonline.com/dive-into-nltk-part-i-getting-started-with-nltk
41,sentence_boundary_recognition,3387,http://textminingonline.com/dive-into-nltk-part-ii-sentence-tokenize-and-word-tokenize
44,latent_dirichlet_allocation,5937,https://appliedmachinelearning.wordpress.com/2017/09/28/topic-modelling-part-2-discovering-topics-from-articles-with-latent-dirichlet-allocation/
44,latent_dirichlet_allocation,2183,http://blog.echen.me/2011/08/22/introduction-to-latent-dirichlet-allocation/
44,latent_dirichlet_allocation,2181,https://www.analyticsvidhya.com/blog/2016/08/beginners-guide-to-topic-modeling-in-python/
44,latent_dirichlet_allocation,2180,https://algobeans.com/2015/06/21/laymans-explanation-of-topic-modeling-with-lda-2/
44,latent_dirichlet_allocation,950,http://www.cs.cmu.edu/~epxing/talks/ACL2.pdf
172,normalization,3655,https://calculatedcontent.com/2017/06/16/normalization-in-deep-learning/
172,normalization,3434,https://theneuralperspective.com/2016/10/27/gradient-topics/
172,normalization,4593,https://r2rt.com/recurrent-neural-networks-in-tensorflow-ii.html
172,normalization,1790,http://mlss.tuebingen.mpg.de/2015/slides/fergus/Fergus_1.pdf
15,abstract_meaning_representation,2351,http://naacl.org/naacl-hlt-2015/tutorial-framenet-data/TutorialIntroCFBRev.pdf
15,abstract_meaning_representation,2093,http://tangra.cs.yale.edu/newaan/data/resources/files/2093.pdf
15,abstract_meaning_representation,5337,http://esslli2016.unibz.it/wp-content/uploads/2016/08/MeaningRepresentations.pdf
15,abstract_meaning_representation,4522,https://simons.berkeley.edu/sites/default/files/docs/5950/2017.02.01-21.15.12-simons-nlp-tutorial.pdf
15,abstract_meaning_representation,1876,http://nbviewer.jupyter.org/github/wcmac/sippycup/blob/master/sippycup-unit-0.ipynb
75,linear_regression,1989,http://www.kdnuggets.com/2016/11/linear-regression-least-squares-matrix-multiplication-concise-technical-overview.html
75,linear_regression,3701,http://machinelearningmastery.com/implement-simple-linear-regression-scratch-python/
75,linear_regression,1988,https://github.com/justmarkham/DAT4/blob/master/notebooks/08_linear_regression.ipynb
75,linear_regression,6627,http://ml-cheatsheet.readthedocs.io/en/latest/linear_regression.html
75,linear_regression,1987,http://www.kdnuggets.com/2016/06/brief-primer-linear-regression-part-2.html
78,dual_problems,3923,http://suvrit.de/talks/mlss_lect1.pdf
78,dual_problems,1253,http://web.mit.edu/6.034/wwwbob/svm-notes-long-08.pdf
78,dual_problems,870,https://people.eecs.berkeley.edu/~klein/papers/classification-tutorial-naacl2007.pdf
78,dual_problems,3923,http://suvrit.de/talks/mlss_lect1.pdf
125,beam_search,2317,http://web.engr.oregonstate.edu/~huanlian/slides/perc-tutorial-4ups.pdf
19,context_sensitive_grammar,2070,http://tangra.cs.yale.edu/newaan/data/resources/files/2070.pdf
29,semantic_parsing,967,http://www.cs.utexas.edu/~ml/slides/semantic-parsing-tutorial-acl10.ppt
29,semantic_parsing,1252,http://yoavartzi.com/sp14/slides/steedman.sp14.pdf
29,semantic_parsing,914,https://www.cs.upc.edu/~lluism/tmp/SRL-tutorial-ACL-IJCNLP-2009.pdf
29,semantic_parsing,1876,http://nbviewer.jupyter.org/github/wcmac/sippycup/blob/master/sippycup-unit-0.ipynb
29,semantic_parsing,1825,https://www.cs.unc.edu/~mbansal/papers/nlp_shortcourse_bansal_ut2015.pdf
165,n_gram,7431,https://web.stanford.edu/~jurafsky/slp3/slides/LM_4.pptx
165,n_gram,7420,https://web.stanford.edu/~jurafsky/slp3/4.pdf
165,n_gram,3967,https://www.slideshare.net/xavigiro/language-model-d3l1-deep-learning-for-speech-and-language-upc-2017
165,n_gram,6906,http://deliprao.com/archives/201
165,n_gram,2762,http://homes.cs.washington.edu/~nasmith/papers/plm.17.pdf
7,bleu,1203,http://homepages.inf.ed.ac.uk/pkoehn/publications/esslli-slides-day4.pdf
7,bleu,2191,https://rare-technologies.com/text-summarization-in-python-extractive-vs-abstractive-techniques-revisited/
178,entropy,5331,http://esslli2016.unibz.it/wp-content/uploads/2015/10/lecture3.pdf
178,entropy,7065,https://engineering.purdue.edu/kak/Tutorials/DecisionTreeClassifiers.pdf
178,entropy,2154,https://deeplearning4j.org/eigenvector
178,entropy,3892,http://cs231n.github.io/linear-classify/
178,entropy,5383,https://medium.com/machine-learning-for-humans/supervised-learning-3-b1551b9c4930
180,activation_functions,5424,https://medium.com/towards-data-science/activation-functions-neural-networks-1cbd9f8d91d6
180,activation_functions,4571,https://medium.com/towards-data-science/secret-sauce-behind-the-beauty-of-deep-learning-beginners-guide-to-activation-functions-a8e23a57d046
180,activation_functions,6888,https://www.analyticsvidhya.com/blog/2017/10/fundamentals-deep-learning-activation-functions-when-to-use-them/
180,activation_functions,6737,https://www.learnopencv.com/understanding-activation-functions-in-deep-learning/
180,activation_functions,3507,https://medium.com/towards-data-science/activation-functions-and-its-types-which-is-better-a9a5310cc8f
149,gated_recurrent_units,1978,http://www.wildml.com/2015/10/recurrent-neural-network-tutorial-part-4-implementing-a-grulstm-rnn-with-python-and-theano/
149,gated_recurrent_units,7067,http://www.deeplearningindaba.com/uploads/1/0/2/6/102657286/dl_indaba_gated_recurrent_models_lecture.pdf
149,gated_recurrent_units,3962,https://www.slideshare.net/xavigiro/recurrent-neural-networks-1-d2l2-deep-learning-for-speech-and-language-upc-2017
149,gated_recurrent_units,3430,https://theneuralperspective.com/2016/11/17/recurrent-neural-network-rnn-part-4-custom-cells/
149,gated_recurrent_units,4590,https://r2rt.com/written-memories-understanding-deriving-and-extending-the-lstm.html
46,language_identification,4401,https://github.com/davidjurgens/equilid
148,log_linear_models,4484,http://lxmls.it.pt/2017/lxmls2017slides.pdf
148,log_linear_models,1256,http://www.cs.columbia.edu/~mcollins/papers/tutorial_colt.pdf
148,log_linear_models,4353,http://homepages.inf.ed.ac.uk/scohen/lxmls.pdf
148,log_linear_models,4163,https://www.tensorflow.org/versions/master/tutorials/linear
150,gibbs_sampling,4216,https://theclevermachine.wordpress.com/2012/11/05/mcmc-the-gibbs-sampler/
174,data_preprocessing,2239,https://www.analyticsvidhya.com/blog/2016/07/practical-guide-data-preprocessing-python-scikit-learn/
174,data_preprocessing,2041,http://tangra.cs.yale.edu/newaan/data/resources/files/2041.pdf
174,data_preprocessing,6949,https://www.kdnuggets.com/2017/06/7-steps-mastering-data-preparation-python.html
174,data_preprocessing,3165,http://cs231n.github.io/neural-networks-2/
162,image_retrieval,5505,https://blog.sicara.com/keras-tutorial-content-based-image-retrieval-convolutional-denoising-autoencoder-dc91450cc511
162,image_retrieval,4491,http://sglab.kaist.ac.kr/~sungeui/image_tutorial/P1_Yoon16.pdf
162,image_retrieval,3893,http://cs231n.github.io/classification/
162,image_retrieval,3425,https://theneuralperspective.com/2016/10/02/04-convolutional-neural-network-cnn/
162,image_retrieval,5314,http://www.vision.jhu.edu/tutorials/CVPR17-Tutorial-Math-Deep-Learning-Intro-Rene.pdf
114,graphical_models,4295,http://melodi.ee.washington.edu/~bilmes/bilmes_hlt04_tutorial/bilmes_tutorial.pdf
114,graphical_models,4004,http://helper.ipam.ucla.edu/publications/gss2012/gss2012_10607.pdf
114,graphical_models,4477,https://drive.google.com/file/d/0B6NHiPcsmak1RmZ3bmtFWUd5bjA/view
114,graphical_models,4023,http://helper.ipam.ucla.edu/publications/gss2012/gss2012_10781.pdf
114,graphical_models,4003,http://helper.ipam.ucla.edu/publications/gss2012/gss2012_10605.pdf
190,crawling_the_web,5514,https://www.analyticsvidhya.com/blog/2015/10/beginner-guide-web-scraping-beautiful-soup-python/
190,crawling_the_web,6567,https://medium.com/@kaismh/extracting-data-from-websites-using-scrapy-e1e1e357651a
190,crawling_the_web,6119,https://medium.com/towards-data-science/using-scrapy-to-build-your-own-dataset-64ea2d7d4673
190,crawling_the_web,3867,http://nealcaren.web.unc.edu/an-introduction-to-text-analysis-with-python-part-3/
190,crawling_the_web,5403,https://elitedatascience.com/python-web-scraping-libraries
6,ibm_translation_models,4364,http://lxmls.it.pt/2015/Talk_LuciaSpecia_LxMLS.pdf
6,ibm_translation_models,2320,http://www.phontron.com/slides/building-smt-en-20120510.pdf
161,computer_vision,7218,http://lear.inrialpes.fr/~mensink/data/
161,computer_vision,7301,https://drive.google.com/a/umich.edu/file/d/0B19rm3s8xHdjQTNMQURwSXpIbVk/view?usp=sharing
161,computer_vision,6105,https://www.pyimagesearch.com/2017/09/23/getting-started-deep-learning-computer-vision-python/
161,computer_vision,2305,https://www.analyticsvidhya.com/blog/2016/04/deep-learning-computer-vision-introduction-convolution-neural-networks/
161,computer_vision,1935,http://www.kdnuggets.com/2016/08/seven-steps-understanding-computer-vision.html
70,chat_bots,2184,http://www.wildml.com/2016/04/deep-learning-for-chatbots-part-1-introduction/
70,chat_bots,2185,http://www.wildml.com/2016/07/deep-learning-for-chatbots-2-retrieval-based-model-tensorflow/
70,chat_bots,3332,https://chatbotsmagazine.com/contextual-chat-bots-with-tensorflow-4391749d0077
70,chat_bots,6418,https://medium.com/@gk_/how-chat-bots-work-dfff656a35e2
70,chat_bots,4097,https://sigmoidal.io/chatbots-for-b2c-and-deep-learning/
47,bayes_theorem,7244,http://www.cedar.buffalo.edu/~srihari/CSE574/Chap1/Probability-Theory.pdf
47,bayes_theorem,6622,https://betterexplained.com/articles/understanding-bayes-theorem-with-ratios/
47,bayes_theorem,2034,http://tangra.cs.yale.edu/newaan/data/resources/files/2034.pdf
47,bayes_theorem,1820,https://docs.google.com/presentation/d/1325yenZP_VdHoVj-tU0AnbQUxFwb8Fl1VdyAAUxEzfg/edit#slide=id.p
47,bayes_theorem,7143,https://towardsdatascience.com/naive-bayes-in-machine-learning-f49cc8f831b4
45,latent_semantic_indexing,3334,http://mccormickml.com/2016/11/04/interpreting-lsi-document-similarity/
45,latent_semantic_indexing,3337,http://mccormickml.com/2016/03/25/lsa-for-text-classification-tutorial/
45,latent_semantic_indexing,2567,http://www.gavagai.se/distributional_semantics.php
63,neural_turing_machine,3770,http://distill.pub/2016/augmented-rnns/
63,neural_turing_machine,7086,https://drive.google.com/file/d/0B9dqzboiV5u-UmxJQlJqcUl6anM/view
194,document_representation,2767,https://www.slideshare.net/BhaskarMitra3/neural-text-embeddings-for-information-retrieval-wsdm-2017
194,document_representation,3437,https://www.analyticsvidhya.com/blog/2017/06/word-embeddings-count-word2veec/
194,document_representation,1146,http://www.emnlp2015.org/tutorials/34/34_OptionalAttachment.pdf
194,document_representation,2327,https://github.com/oxford-cs-deepnlp-2017/lectures/blob/master/Lecture%205%20-%20Text%20Classification.pdf
194,document_representation,3079,https://github.com/oxford-cs-deepnlp-2017/practical-3
11,sentence_simplification,2107,http://tangra.cs.yale.edu/newaan/data/resources/files/2107.pdf
11,sentence_simplification,1705,http://coling2016.anlp.jp/doc/tutorial/slides/T5/Coling2016.pdf
11,sentence_simplification,1830,http://coling2016.anlp.jp/doc/tutorial/slides/T4/QE_Coling2016_theory.pdf
130,backpropagation_through_time,3682,http://machinelearningmastery.com/gentle-introduction-backpropagation-time/
130,backpropagation_through_time,3459,http://www.offconvex.org/2016/12/20/backprop/
130,backpropagation_through_time,3141,https://medium.com/@karpathy/yes-you-should-understand-backprop-e2f06eab496b
130,backpropagation_through_time,1838,http://www.wildml.com/2015/10/recurrent-neural-networks-tutorial-part-3-backpropagation-through-time-and-vanishing-gradients/
130,backpropagation_through_time,4590,https://r2rt.com/written-memories-understanding-deriving-and-extending-the-lstm.html
97,word2vec,3668,https://medium.com/towards-data-science/word2vec-skip-gram-model-part-2-implementation-in-tf-7efdf6f58a27
97,word2vec,2908,https://rare-technologies.com/word2vec-tutorial/
97,word2vec,2907,https://rare-technologies.com/word2vec-in-python-part-two-optimizing/
97,word2vec,2255,https://deeplearning4j.org/word2vec.html
97,word2vec,2247,https://code.google.com/archive/p/word2vec/
112,bagging,3697,http://machinelearningmastery.com/implement-bagging-scratch-python/
112,bagging,5482,https://blog.statsbot.co/ensemble-learning-d1dcd548e936
112,bagging,2494,http://scott.fortmann-roe.com/docs/BiasVariance.html
177,network_theory,1133,http://arxiv.org/pdf/0912.5410.pdf
152,compositional_semantics,5340,http://esslli2016.unibz.it/wp-content/uploads/2015/10/Overview.pdf
152,compositional_semantics,5327,http://esslli2016.unibz.it/wp-content/uploads/2015/10/ExploringModels.pdf
152,compositional_semantics,5309,http://esslli2016.unibz.it/wp-content/uploads/2015/10/ComputingMeanings.pdf
152,compositional_semantics,4463,http://www.xiaodanzhu.com/publications/deep_learning_composition.pdf
152,compositional_semantics,4333,http://lxmls.it.pt/2014/blunsom-lxmls.pdf
134,caption_generation,3331,https://www.oreilly.com/learning/caption-this-with-tensorflow
134,caption_generation,1938,http://kelvinxu.github.io/projects/capgen.html
134,caption_generation,7225,https://www.microsoft.com/en-us/research/wp-content/uploads/2016/07/interspeech-tutorial-2015-lideng-sept6a.pdf
134,caption_generation,2414,http://www.kdnuggets.com/2016/04/delta-deep-learning-from-30000-feet.html
134,caption_generation,3770,http://distill.pub/2016/augmented-rnns/
144,prosody,2112,http://tangra.cs.yale.edu/newaan/data/resources/files/2112.pdf
66,shallow_parsing,4432,http://www.cs.brandeis.edu/~clp/conll15st/intro.html
66,shallow_parsing,914,https://www.cs.upc.edu/~lluism/tmp/SRL-tutorial-ACL-IJCNLP-2009.pdf
66,shallow_parsing,915,http://nlp.stanford.edu/kristina/papers/SRL-Tutorial-post-HLT-NAACL-06.pdf
66,shallow_parsing,2357,http://naacl2013.naacl.org/Documents/morph-syntax-semantic-knowledge-in-smt-naacl-2013-tutorial.pdf
182,bidirectional_recurrent_neural_networks,3323,http://www.wildml.com/2016/08/rnns-in-tensorflow-a-practical-guide-and-undocumented-features/
182,bidirectional_recurrent_neural_networks,1836,http://www.wildml.com/2015/09/recurrent-neural-networks-tutorial-part-1-introduction-to-rnns/
182,bidirectional_recurrent_neural_networks,4372,https://blog.statsbot.co/machine-learning-translation-96f0ed8f19e4
182,bidirectional_recurrent_neural_networks,4141,https://github.com/tensorflow/nmt
156,linear_discriminant_analysis,3033,http://sebastianraschka.com/Articles/2014_python_lda.html
61,weakly_supervised_learning,5470,https://www.analyticsvidhya.com/blog/2017/09/pseudo-labelling-semi-supervised-learning-technique/
61,weakly_supervised_learning,919,http://pages.cs.wisc.edu/~jerryzhu/pub/acl08tutorial.pdf
64,bootstrapping,919,http://pages.cs.wisc.edu/~jerryzhu/pub/acl08tutorial.pdf
64,bootstrapping,926,http://www.aclweb.org/anthology/attachments/P/P12/P12-4004.Presentation.pdf
64,bootstrapping,842,http://publik.tuwien.ac.at/files/pub-inf_2999.pdf
64,bootstrapping,4506,https://drive.google.com/file/d/0BzUSSMdMszk6VE9kMkY2SzQzSW8/view
64,bootstrapping,5336,http://esslli2016.unibz.it/wp-content/uploads/2015/10/MeaningBanking.pdf
113,maximum_likelihood_estimation,7244,http://www.cedar.buffalo.edu/~srihari/CSE574/Chap1/Probability-Theory.pdf
113,maximum_likelihood_estimation,4318,https://github.com/mavam/stat-cookbook/releases/download/0.2.4/stat-cookbook.pdf
113,maximum_likelihood_estimation,7073,https://ben.klemens.org/pdfs/gsl_stats.pdf
189,policy_gradient_methods,7232,https://github.com/ai-tor/deepbootcamp/blob/master/slides/Lec5advancedpolicygradientmethods.pdf
189,policy_gradient_methods,7234,https://github.com/ai-tor/deepbootcamp/blob/master/slides/Lec7deeprlbootcampsvgscg.pdf
189,policy_gradient_methods,4473,https://drive.google.com/file/d/0BzUSSMdMszk6UE5TbWdZekFXSE0/view
189,policy_gradient_methods,4474,https://drive.google.com/file/d/0B_j5EZzjlxchV2l3TGJPdTljM1k/view
189,policy_gradient_methods,4073,http://karpathy.github.io/2016/05/31/rl/
119,gradient_descent,3790,http://sebastianruder.com/optimizing-gradient-descent/
119,gradient_descent,3188,http://ucanalytics.com/blogs/intuitive-machine-learning-gradient-descent-simplified/
119,gradient_descent,6520,https://www.bonaccorso.eu/2017/10/03/a-brief-and-comprehensive-guide-to-stochastic-gradient-descent-algorithms/
119,gradient_descent,3638,https://medium.com/towards-data-science/types-of-optimization-algorithms-used-in-neural-networks-and-ways-to-optimize-gradient-95ae5d39529f
119,gradient_descent,4228,https://theclevermachine.wordpress.com/2014/09/06/derivation-error-backpropagation-gradient-descent-for-neural-networks/
153,edit_distance,2079,http://tangra.cs.yale.edu/newaan/data/resources/files/2079.pdf
153,edit_distance,5350,http://esslli2016.unibz.it/wp-content/uploads/2016/08/sequenceAlignment.pdf
153,edit_distance,3494,https://www.analyticsvidhya.com/blog/2017/01/ultimate-guide-to-understand-implement-natural-language-processing-codes-in-python/
153,edit_distance,4317,http://www.cs.technion.ac.il/~gabr/publications/papers/SIGIR-2016-KG-tutorial.pdf
153,edit_distance,2715,http://www.kdnuggets.com/2017/02/natural-language-processing-key-terms-explained.html
13,knowledge_graph,63880,https://towardsdatascience.com/kegra-deep-learning-on-knowledge-graphs-with-keras-98e340488b93
13,knowledge_graph,3067,http://www.kdnuggets.com/2017/05/ontology-simplest-definition.html
5,variational_autoencoders,2694,https://jaan.io/what-is-variational-autoencoder-vae-tutorial/
5,variational_autoencoders,7201,https://arxiv.org/abs/1606.05908
5,variational_autoencoders,6854,https://medium.com/towards-data-science/teaching-a-variational-autoencoder-vae-to-draw-mnist-characters-978675c95776
5,variational_autoencoders,2219,https://blog.keras.io/building-autoencoders-in-keras.html
5,variational_autoencoders,3070,https://blog.paperspace.com/adversarial-autoencoders-with-pytorch/
54,automatic_summarization,935,https://www2.eecs.berkeley.edu/Pubs/TechRpts/2011/EECS-2011-47.pdf
54,automatic_summarization,1234,http://www.aclweb.org/anthology/P11-5003.pdf
54,automatic_summarization,1254,http://www.lrec-conf.org/proceedings/lrec2008/workshops/T4.pdf
54,automatic_summarization,2189,https://research.googleblog.com/2016/08/text-summarization-with-tensorflow.html?m=1
83,expectation_maximization_(em)_algorithm,7583,
83,expectation_maximization_(em)_algorithm,6522,https://machinethoughts.wordpress.com/2017/10/02/vae-em/
83,expectation_maximization_(em)_algorithm,4040,http://cs229.stanford.edu/notes/cs229-notes7b.pdf
83,expectation_maximization_(em)_algorithm,1952,https://codesachin.wordpress.com/2015/11/14/k-means-clustering-with-tensorflow/
110,bayesian_network,7223,http://www.nasonline.org/programs/sackler-forum/frontiers-of-machine-learning/ghahramani-ppt.pdf
110,bayesian_network,7054,http://web4.cs.ucl.ac.uk/staff/D.Barber/resource/240415.pdf
110,bayesian_network,3958,https://www.slideshare.net/xavigiro/basic-deep-architectures-d1l4-deep-learning-for-speech-and-language
14,semantic_role_labeling,914,https://www.cs.upc.edu/~lluism/tmp/SRL-tutorial-ACL-IJCNLP-2009.pdf
14,semantic_role_labeling,915,http://nlp.stanford.edu/kristina/papers/SRL-Tutorial-post-HLT-NAACL-06.pdf
14,semantic_role_labeling,2336,http://naacl2013.naacl.org/Documents/semantic-role-labeling-part-1-naacl-2013-tutorial.pdf
14,semantic_role_labeling,2337,http://naacl2013.naacl.org/Documents/semantic-role-labeling-part-2-naacl-2013-tutorial.pdf
14,semantic_role_labeling,2338,http://naacl2013.naacl.org/Documents/semantic-role-labeling-part-3-naacl-2013-tutorial.pdf
124,constraint_satisfaction,7469,https://www.autonlab.org/_media/tutorials/constraint05.pdf
124,constraint_satisfaction,1158,http://stp.lingfil.uu.se/~nivre/docs/ACLslides.pdf
124,constraint_satisfaction,1138,http://www.cs.cmu.edu/~afm/Home_files/emnlp2014tutorial.pdf
124,constraint_satisfaction,4031,http://helper.ipam.ucla.edu/publications/gss2012/gss2012_10794.pdf
124,constraint_satisfaction,934,http://l2r.cs.illinois.edu/~danr/Talks/CCM-NAACL-12-Tutorial.pdf
87,noisy_channel_model,7421,https://web.stanford.edu/~jurafsky/slp3/5.pdf
87,noisy_channel_model,3906,https://drive.google.com/file/d/0B2A1tnmq5zQdRDQ1d29jNk5MOUk/view
87,noisy_channel_model,4364,http://lxmls.it.pt/2015/Talk_LuciaSpecia_LxMLS.pdf
87,noisy_channel_model,2118,http://tangra.cs.yale.edu/newaan/data/resources/files/2118.pdf
87,noisy_channel_model,4361,http://lxmls.it.pt/2016/sequencemodels.smith.7-23-16.pdf
187,hierarchical_models,3998,http://helper.ipam.ucla.edu/publications/gss2012/gss2012_10594.pdf
187,hierarchical_models,4532,http://cs.gmu.edu/~mlbio/presentation_KDD.pdf
187,hierarchical_models,1835,https://www.aclweb.org/mirror/emnlp2016/tutorials/zhang-vo-t4.pdf
187,hierarchical_models,7484,https://www.autonlab.org/_media/tutorials/kmeans11.pdf
187,hierarchical_models,1222,http://sdrv.ms/11B3WZy
65,distributional_semantics,2567,http://www.gavagai.se/distributional_semantics.php
65,distributional_semantics,2767,https://www.slideshare.net/BhaskarMitra3/neural-text-embeddings-for-information-retrieval-wsdm-2017
65,distributional_semantics,5327,http://esslli2016.unibz.it/wp-content/uploads/2015/10/ExploringModels.pdf
65,distributional_semantics,5337,http://esslli2016.unibz.it/wp-content/uploads/2016/08/MeaningRepresentations.pdf
65,distributional_semantics,5325,http://esslli2016.unibz.it/wp-content/uploads/2015/10/DrawingInferences.pdf
56,recursive_neural_network,3079,https://github.com/oxford-cs-deepnlp-2017/practical-3
56,recursive_neural_network,3873,https://medium.com/@erikhallstrm/tensorflow-rnn-api-2bb31821b185
56,recursive_neural_network,3125,http://course.fast.ai/lessons/lesson5.html
56,recursive_neural_network,4675,https://www.youtube.com/watch?v=y7qrilE-Zlc
56,recursive_neural_network,4258,https://www.youtube.com/watch?v=WCUNPb-5EYI
35,combinatory_categorial_grammar,2071,http://tangra.cs.yale.edu/newaan/data/resources/files/2071.pdf
35,combinatory_categorial_grammar,1692,http://www3.cs.stonybrook.edu/~ychoi/cse507/slides/11-ccgtag.pdf
35,combinatory_categorial_grammar,1824,http://www.inf.ed.ac.uk/teaching/courses/nlg/lectures/2012/NLG2012Lect3.pdf
33,dependency_parsing,4315,http://lxmls.it.pt/2013/lecture_slav_morning.tar.gz
33,dependency_parsing,1158,http://stp.lingfil.uu.se/~nivre/docs/ACLslides.pdf
33,dependency_parsing,4359,http://lxmls.it.pt/2016/Part2_Dependency_Parsing_2016.pdf
33,dependency_parsing,835,http://naaclhlt2010.isi.edu/tutorials/t7-slides.pdf
33,dependency_parsing,1195,http://stp.lingfil.uu.se/~nivre/docs/eacl1.pdf
115,markov_chain_monte_carlo,4220,https://theclevermachine.wordpress.com/2012/11/19/a-gentle-introduction-to-markov-chain-monte-carlo-mcmc/
115,markov_chain_monte_carlo,6872,https://people.duke.edu/~ccc14/sta-663/MCMC.html
115,markov_chain_monte_carlo,4030,http://helper.ipam.ucla.edu/publications/gss2012/gss2012_10791.pdf
115,markov_chain_monte_carlo,2824,http://www.mcmchandbook.net/HandbookSampleChapters.html
115,markov_chain_monte_carlo,4533,http://www.cims.nyu.edu/~cfgranda/pages/stuff/probability_stats_for_DS.pdf
32,penn_treebank,2058,http://tangra.cs.yale.edu/newaan/data/resources/files/2058.pdf
32,penn_treebank,2764,https://nlp.stanford.edu/courses/lsa354/SLoSP-2007-5.pdf
32,penn_treebank,1136,http://emnlp2014.org/tutorials/4_notes.pdf
32,penn_treebank,2074,http://tangra.cs.yale.edu/newaan/data/resources/files/2074.pdf
32,penn_treebank,886,https://faculty.washington.edu/ebender/papers/100things.pdf
168,loss_function,3894,http://cs231n.github.io/optimization-1/
168,loss_function,4004,http://helper.ipam.ucla.edu/publications/gss2012/gss2012_10607.pdf
168,loss_function,3892,http://cs231n.github.io/linear-classify/
168,loss_function,3188,http://ucanalytics.com/blogs/intuitive-machine-learning-gradient-descent-simplified/
168,loss_function,6110,https://www.pyimagesearch.com/2016/10/10/gradient-descent-with-python/
137,long_short_term_memory_networks,6406,https://blog.statsbot.co/time-series-prediction-using-recurrent-neural-networks-lstms-807fa6ca7f
137,long_short_term_memory_networks,1977,https://deeplearning4j.org/lstm.html
137,long_short_term_memory_networks,6668,http://adventuresinmachinelearning.com/recurrent-neural-networks-lstm-tutorial-tensorflow/
137,long_short_term_memory_networks,2369,https://medium.com/@monikkinom/a-noobs-guide-to-implementing-rnn-lstm-using-tensorflow-1907a5bbb1fa
137,long_short_term_memory_networks,4258,https://www.youtube.com/watch?v=WCUNPb-5EYI
154,chomsky_hierarchy,2070,http://tangra.cs.yale.edu/newaan/data/resources/files/2070.pdf
154,chomsky_hierarchy,2056,http://tangra.cs.yale.edu/newaan/data/resources/files/2056.pdf
154,chomsky_hierarchy,2042,http://tangra.cs.yale.edu/newaan/data/resources/files/2042.pdf
199,highway_networks,2646,https://chatbotslife.com/resnets-highwaynets-and-densenets-oh-my-9bb15918ee32
199,highway_networks,4590,https://r2rt.com/written-memories-understanding-deriving-and-extending-the-lstm.html
199,highway_networks,7024,https://towardsdatascience.com/an-overview-of-resnet-and-its-variants-5281e2f56035
199,highway_networks,4264,http://ruder.io/deep-learning-nlp-best-practices/
199,highway_networks,4475,http://icml.cc/2016/tutorials/icml2016_tutorial_deep_residual_networks_kaiminghe.pdf
136,inference,1820,https://docs.google.com/presentation/d/1325yenZP_VdHoVj-tU0AnbQUxFwb8Fl1VdyAAUxEzfg/edit#slide=id.p
136,inference,7454,https://www.autonlab.org/_media/tutorials/bayesinf05.pdf
136,inference,7243,http://homepages.inf.ed.ac.uk/imurray2/teaching/15nips/nips2015_mc_tutorial.pdf
68,transliteration,963,http://www.isi.edu/natural-language/teaching/cs562/2009/readings/writing-systems.pdf
68,transliteration,1136,http://emnlp2014.org/tutorials/4_notes.pdf
68,transliteration,1166,http://www.mt-archive.info/10/AMTA-2014-Hoang.pdf
68,transliteration,4346,http://lxmls.it.pt/2013/lisbon-13-noam-knight.pdf
68,transliteration,860,http://l2r.cs.illinois.edu/~danr/Talks/ILP-CCM-Tutorial-NAACL10.pdf
94,harmonic_functions,4219,https://theclevermachine.wordpress.com/2012/11/18/mcmc-hamiltonian-monte-carlo-a-k-a-hybrid-monte-carlo/
94,harmonic_functions,2992,http://nbviewer.jupyter.org/gist/rpmuller/5920182
94,harmonic_functions,1305,http://john.blitzer.com/tutorial/ssl_tutorial.pptx
131,grammar_checker,3088,http://atpaino.com/2017/01/03/deep-text-correcter.html
48,hidden_markov_models,2048,http://tangra.cs.yale.edu/newaan/data/resources/files/2048.pdf
48,hidden_markov_models,2049,http://tangra.cs.yale.edu/newaan/data/resources/files/2049.pdf
48,hidden_markov_models,826,http://homepages.inf.ed.ac.uk/csutton/publications/crftut-fnt.pdf
48,hidden_markov_models,3456,http://www.offconvex.org/2015/12/17/tensor-decompositions/
48,hidden_markov_models,1143,http://emnlp2014.org/tutorials/10_notes.pdf
107,genetic_algorithms,4288,https://blog.coast.ai/lets-evolve-a-neural-network-with-a-genetic-algorithm-code-included-8809bece164
107,genetic_algorithms,6973,https://becominghuman.ai/genetic-algorithm-for-reinforcement-learning-a38a5612c4dc
107,genetic_algorithms,6956,http://blog.otoro.net/2017/10/29/visual-evolution-strategies/
160,bias_variance_tradeoff,2494,http://scott.fortmann-roe.com/docs/BiasVariance.html
160,bias_variance_tradeoff,4378,https://ml.berkeley.edu/blog/2017/07/13/tutorial-4/
160,bias_variance_tradeoff,1765,https://nips.cc/Conferences/2016/Schedule?showEvent=6203
160,bias_variance_tradeoff,4152,https://medium.com/towards-data-science/data-science-simplified-key-concepts-of-statistical-learning-45648049709e
160,bias_variance_tradeoff,2598,https://www.analyticsvidhya.com/blog/2016/09/40-interview-questions-asked-at-startups-in-machine-learning-data-science/
57,multi_document_summarization,1254,http://www.lrec-conf.org/proceedings/lrec2008/workshops/T4.pdf
57,multi_document_summarization,2102,http://tangra.cs.yale.edu/newaan/data/resources/files/2102.pdf
57,multi_document_summarization,2103,http://tangra.cs.yale.edu/newaan/data/resources/files/2103.pdf
57,multi_document_summarization,2104,http://tangra.cs.yale.edu/newaan/data/resources/files/2104.pdf
158,artificial_neural_network,7330,http://ttic.uchicago.edu/~shubhendu/Slides/NeuralNets1.pdf
158,artificial_neural_network,7331,http://ttic.uchicago.edu/~shubhendu/Slides/NeuralNets2.pdf
158,artificial_neural_network,4625,https://medium.com/towards-data-science/a-gentle-introduction-to-neural-networks-series-part-1-2b90b87795bc
158,artificial_neural_network,2712,https://algobeans.com/2016/03/13/how-do-computers-recognise-handwriting-using-artificial-neural-networks/
158,artificial_neural_network,6786,https://www.youtube.com/watch?v=d1qVR_xbmn4
99,knowledge_representation,2091,http://tangra.cs.yale.edu/newaan/data/resources/files/2091.pdf
99,knowledge_representation,4320,http://www.wangzhongyuan.com/tutorial/ACL2016/Understanding-Short-Texts/Slides/Understanding-Short-Texts-Part-I-Introduction.pdf
99,knowledge_representation,965,http://u.cs.biu.ac.il/~dagan/TE-Tutorial-ACL07.ppt
99,knowledge_representation,4568,https://machinethoughts.wordpress.com/2017/09/01/deep-meaning-beyond-thought-vectors/
99,knowledge_representation,1146,http://www.emnlp2015.org/tutorials/34/34_OptionalAttachment.pdf
37,event_detection,845,http://cs.fit.edu/~pkc/icdm03/printing/tutorials/extraction/extraction.tutorial.pdf
179,cross_entropy,3892,http://cs231n.github.io/linear-classify/
179,cross_entropy,3633,https://medium.com/all-of-us-are-belong-to-machines/gentlest-intro-to-tensorflow-4-logistic-regression-2afd0cabc54
179,cross_entropy,2509,https://rawgit.com/dpressel/Meetups/master/nlp-meetup-2016-04-27/presentation.html
179,cross_entropy,6628,http://ml-cheatsheet.readthedocs.io/en/latest/logistic_regression.html
179,cross_entropy,2557,http://colah.github.io/posts/2015-09-Visual-Information/
17,machine_reading_comprehension,6521,https://machinethoughts.wordpress.com/2016/11/15/comprehension-based-language-modeling/
17,machine_reading_comprehension,4354,http://lxmls.it.pt/2015/lxmls15.pdf
17,machine_reading_comprehension,2333,https://github.com/oxford-cs-deepnlp-2017/lectures/blob/master/Lecture%2011%20-%20Question%20Answering.pdf
17,machine_reading_comprehension,4597,https://rajpurkar.github.io/mlx/qa-and-squad/
17,machine_reading_comprehension,2765,http://www.cs.cmu.edu/~rsalakhu/talk_GA_Simons_pdf.pdf
191,citation_networks,1704,http://coling2016.anlp.jp/doc/tutorial/slides/T3/COLING2016_T3_NLP_FOR_SCIENTIFIC_PUBLICATION_v7.pdf
191,citation_networks,1834,https://www.aclweb.org/mirror/emnlp2016/tutorials/venugopal-gogate-ng-t2.pdf
26,backpropagation,3878,https://medium.com/@erikhallstrm/backpropagation-from-the-beginning-77356edf427d
26,backpropagation,3868,http://cs231n.github.io/optimization-2/
26,backpropagation,4228,https://theclevermachine.wordpress.com/2014/09/06/derivation-error-backpropagation-gradient-descent-for-neural-networks/
26,backpropagation,2460,https://triangleinequality.wordpress.com/2014/03/27/neural-networks-part-1/
26,backpropagation,3141,https://medium.com/@karpathy/yes-you-should-understand-backprop-e2f06eab496b
28,logistic_regression,2127,http://tangra.cs.yale.edu/newaan/data/resources/files/2127.pdf
28,logistic_regression,3423,https://theneuralperspective.com/2016/10/02/02-logistic-regression/
28,logistic_regression,1745,https://triangleinequality.wordpress.com/2013/12/02/logistic-regression/
28,logistic_regression,1749,https://florianhartl.com/logistic-regression-geometric-intuition.html
28,logistic_regression,3633,https://medium.com/all-of-us-are-belong-to-machines/gentlest-intro-to-tensorflow-4-logistic-regression-2afd0cabc54
126,recommendation_system,7314,https://pro.unibz.it/projects/schoolrecsys17/cbrs.pdf
126,recommendation_system,7325,
126,recommendation_system,5324,
126,recommendation_system,5818,https://www.bonaccorso.eu/2017/08/02/svd-recommendations-using-tensorflow/
126,recommendation_system,4539,https://www.microsoft.com/en-us/research/wp-content/uploads/2016/02/wsdm2015.v3.pdf
74,evaluation_metrics,1203,http://homepages.inf.ed.ac.uk/pkoehn/publications/esslli-slides-day4.pdf
74,evaluation_metrics,2045,http://tangra.cs.yale.edu/newaan/data/resources/files/2045.pdf
74,evaluation_metrics,2106,http://tangra.cs.yale.edu/newaan/data/resources/files/2106.pdf
74,evaluation_metrics,2099,http://tangra.cs.yale.edu/newaan/data/resources/files/2099.pdf
74,evaluation_metrics,2059,http://tangra.cs.yale.edu/newaan/data/resources/files/2059.pdf
132,shift_reduce_parsing,6927,https://nlp.stanford.edu/software/srparser.shtml
132,shift_reduce_parsing,2066,http://tangra.cs.yale.edu/newaan/data/resources/files/2066.pdf
132,shift_reduce_parsing,1709,http://www.emnlp2016.net/tutorials/dyer-goldberg-neubig-t1b.pdf
132,shift_reduce_parsing,1185,https://web.stanford.edu/class/cs224u/materials/cs224u-2016-bowman.pdf
132,shift_reduce_parsing,835,http://naaclhlt2010.isi.edu/tutorials/t7-slides.pdf
143,particle_filter,6869,https://salzis.wordpress.com/2015/05/25/particle-filters-with-python/
143,particle_filter,6711,https://www.cs.utexas.edu/~teammco/misc/particle_filter/
52,part_of_speech_tagging,3388,http://textminingonline.com/dive-into-nltk-part-iii-part-of-speech-tagging-and-pos-tagger
52,part_of_speech_tagging,2050,http://tangra.cs.yale.edu/newaan/data/resources/files/2050.pdf
52,part_of_speech_tagging,2047,http://tangra.cs.yale.edu/newaan/data/resources/files/2047.pdf
52,part_of_speech_tagging,3614,http://honnibal.wordpress.com/2013/09/11/a-good-part-of-speechpos-tagger-in-about-200-lines-of-python/
52,part_of_speech_tagging,2039,http://tangra.cs.yale.edu/newaan/data/resources/files/2039.pdf
196,game_playing_in_ai,2428,https://www.tastehit.com/blog/google-deepmind-alphago-how-it-works/
196,game_playing_in_ai,4621,https://www.analyticsvidhya.com/blog/2016/12/getting-ready-for-ai-based-gaming-agents-overview-of-open-source-reinforcement-learning-platforms/
196,game_playing_in_ai,4073,http://karpathy.github.io/2016/05/31/rl/
196,game_playing_in_ai,6361,https://medium.freecodecamp.org/how-to-build-an-ai-game-bot-using-openai-gym-and-universe-f2eb9bfbb40a
196,game_playing_in_ai,6793,https://qz.com/1105509/deepminds-new-alphago-zero-artificial-intelligence-is-ready-for-more-than-board-games/
159,bag_of_words_model,2715,http://www.kdnuggets.com/2017/02/natural-language-processing-key-terms-explained.html
159,bag_of_words_model,2724,https://metamind.io/research/learning-when-to-skim-and-when-to-read
159,bag_of_words_model,6553,https://cloud.google.com/blog/big-data/2017/10/intro-to-text-classification-with-keras-automatically-tagging-stack-overflow-posts
159,bag_of_words_model,4174,https://www.kaggle.com/c/word2vec-nlp-tutorial
159,bag_of_words_model,1827,https://piotrmirowski.files.wordpress.com/2014/06/piotrmirowski_2014_wordembeddings.pdf
22,capsule_networks,7047,https://kndrck.co/posts/capsule_networks_explained/
22,capsule_networks,7040,https://hackernoon.com/capsule-networks-are-shaking-up-ai-heres-how-to-use-them-c233a0971952
22,capsule_networks,7121,https://www.saama.com/blog/capsule-networks-limitations-cnns/
22,capsule_networks,7165,https://towardsdatascience.com/uncovering-the-intuition-behind-capsule-networks-and-inverse-graphics-part-i-7412d121798d
22,capsule_networks,7017,https://medium.com/@pechyonkin/understanding-hintons-capsule-networks-part-i-intuition-b4b559d1159b
181,kullback–leibler_divergence,2694,https://jaan.io/what-is-variational-autoencoder-vae-tutorial/
181,kullback–leibler_divergence,2174,http://ufldl.stanford.edu/tutorial/unsupervised/Autoencoders/
181,kullback–leibler_divergence,4498,http://lxmls.it.pt/2017/Probability_Refresher_by_Figueiredo_LxMLS2017.pdf
181,kullback–leibler_divergence,4399,https://github.com/vahidk/EffectiveTensorflow
181,kullback–leibler_divergence,2836,https://deeplearning4j.org/restrictedboltzmannmachine.html
133,speech_synthesis,3975,https://www.slideshare.net/xavigiro/speech-synthesis-wavenet-d4l1-deep-learning-for-speech-and-language-upc-2017
133,speech_synthesis,3971,https://www.slideshare.net/xavigiro/parametric-speech-synthesis-d3l5-deep-learning-for-speech-and-language-upc-2017
133,speech_synthesis,5408,https://pythonprogramminglanguage.com/text-to-speech
133,speech_synthesis,7225,https://www.microsoft.com/en-us/research/wp-content/uploads/2016/07/interspeech-tutorial-2015-lideng-sept6a.pdf
133,speech_synthesis,4508,http://lxmls.it.pt/2017/talk.pdf
76,convex_optimization,3923,http://suvrit.de/talks/mlss_lect1.pdf
76,convex_optimization,4484,http://lxmls.it.pt/2017/lxmls2017slides.pdf
76,convex_optimization,3924,http://suvrit.de/talks/mlss_lect2.pdf
20,domain_adaptation,7452,https://pdfs.semanticscholar.org/532e/3d5b1b5807771b77cac60fe8594b506fcff9.pdf
20,domain_adaptation,7461,http://www.morganclaypool.com/doi/pdf/10.2200/S00497ED1V01Y201304HLT021
20,domain_adaptation,7465,https://epat2014.sciencesconf.org/conference/epat2014/pages/slides_DA_epat_17.pdf
4,neural_machine_translation,4141,https://github.com/tensorflow/nmt
4,neural_machine_translation,5422,https://code.facebook.com/posts/289921871474277/transitioning-entirely-to-neural-machine-translation/
4,neural_machine_translation,2141,http://tangra.cs.yale.edu/newaan/data/resources/files/2141.pdf
4,neural_machine_translation,7561,https://drive.google.com/file/d/0B7jhGCaUwDJeRnVJc095ZGF5aUU/view
4,neural_machine_translation,3887,https://devblogs.nvidia.com/parallelforall/introduction-neural-machine-translation-with-gpus/
138,wordnet,2081,http://tangra.cs.yale.edu/newaan/data/resources/files/2081.pdf
77,newton_method,3996,http://helper.ipam.ucla.edu/publications/gss2012/gss2012_10546.pdf
77,newton_method,4021,http://helper.ipam.ucla.edu/publications/gss2012/gss2012_10778.pdf
77,newton_method,4526,https://simons.berkeley.edu/sites/default/files/docs/5916/berkeley-tutorial-part2.pdf
77,newton_method,4495,http://icml.cc/2016/tutorials/part-3.pdf
77,newton_method,1153,https://cs.jhu.edu/~kevinduh/a/deep2014/140123-ResearchSeminar.pdf
39,named_entity_recognition,2051,http://tangra.cs.yale.edu/newaan/data/resources/files/2051.pdf
200,stack_lstm,7086,https://drive.google.com/file/d/0B9dqzboiV5u-UmxJQlJqcUl6anM/view
200,stack_lstm,3364,https://codesachin.wordpress.com/2017/01/18/understanding-the-new-google-translate/
200,stack_lstm,2724,https://metamind.io/research/learning-when-to-skim-and-when-to-read
200,stack_lstm,3266,https://medium.com/@TalPerry/deep-learning-the-stock-market-df853d139e02
184,bio_text_mining,1215,http://www.clips.ua.ac.be/BioTM2010/talks/Krallinger.pdf
184,bio_text_mining,7055,https://idash.ucsd.edu/sites/default/files/nlp-media/AMIA-NLPPart1-10182011.pdf
184,bio_text_mining,10293,http://www.biomedcentral.com/1471-2105/14/54
30,stemming,2078,http://tangra.cs.yale.edu/newaan/data/resources/files/2078.pdf
30,stemming,2041,http://tangra.cs.yale.edu/newaan/data/resources/files/2041.pdf
30,stemming,3389,http://textminingonline.com/dive-into-nltk-part-iv-stemming-and-lemmatization
30,stemming,6344,https://medium.com/towards-data-science/machine-learning-nlp-text-classification-using-scikit-learn-python-and-nltk-c52b92a7c73a
30,stemming,2715,http://www.kdnuggets.com/2017/02/natural-language-processing-key-terms-explained.html
140,probabilistic_context_free_grammars,2060,http://tangra.cs.yale.edu/newaan/data/resources/files/2060.pdf
140,probabilistic_context_free_grammars,825,http://grammar.ucsd.edu/cpl/naacl_2010_levy_bicknell_smith.pdf
140,probabilistic_context_free_grammars,4314,http://lxmls.it.pt/2013/lecture_slav_morning.tar.gz
140,probabilistic_context_free_grammars,1256,http://www.cs.columbia.edu/~mcollins/papers/tutorial_colt.pdf
140,probabilistic_context_free_grammars,1825,https://www.cs.unc.edu/~mbansal/papers/nlp_shortcourse_bansal_ut2015.pdf
25,dqn,4473,https://drive.google.com/file/d/0BzUSSMdMszk6UE5TbWdZekFXSE0/view
25,dqn,4464,http://hunch.net/~beygel/deep_rl_tutorial.pdf
25,dqn,6643,https://www.intelnervana.com/demystifying-deep-reinforcement-learning/
25,dqn,3379,https://rubenfiszel.github.io/posts/rl4j/2016-08-24-Reinforcement-Learning-and-DQN.html
25,dqn,4082,https://medium.com/@awjuliani/simple-reinforcement-learning-with-tensorflow-part-4-deep-q-networks-and-beyond-8438a3e2b8df
71,dialog_systems,2115,http://tangra.cs.yale.edu/newaan/data/resources/files/2115.pdf
71,dialog_systems,2184,http://www.wildml.com/2016/04/deep-learning-for-chatbots-part-1-introduction/
71,dialog_systems,1186,https://web.stanford.edu/class/cs224u/materials/cs224u-2016-li-chatbots.pdf
71,dialog_systems,5346,http://esslli2016.unibz.it/wp-content/uploads/2015/10/ResponsiveAgents_ESSLLI16_Day2.pdf
40,word_segmentation,3983,http://universaldependencies.org/eacl17tutorial/morphology.pdf
40,word_segmentation,3024,https://github.com/fxsjy/jieba#jieba-1
104,crowdsourcing,2804,http://veredshwartz.blogspot.com/2016/08/crowdsourcing-for-nlp.html
104,crowdsourcing,1221,http://ir.ischool.utexas.edu/crowd/mlease-ut-ling-022811.pdf
104,crowdsourcing,5301,http://esslli2016.unibz.it/wp-content/uploads/2015/10/1-Crowdsourcing_Aug2016_ESSLLII.pptx.pdf
104,crowdsourcing,5302,http://esslli2016.unibz.it/wp-content/uploads/2016/08/2-Crowdsourcing_Aug2016_ESSLLII.pptx.pdf
104,crowdsourcing,5303,http://esslli2016.unibz.it/wp-content/uploads/2016/08/3-Crowdsourcing_Aug2016_ESSLLII.pptx.pdf
24,q_learning,6897,https://studywolf.wordpress.com/2012/11/25/reinforcement-learning-q-learning-and-exploration/
24,q_learning,6896,http://mnemstudio.org/path-finding-q-learning-tutorial.htm
24,q_learning,4254,http://neuro.cs.ut.ee/demystifying-deep-reinforcement-learning/
24,q_learning,4077,https://medium.com/emergent-future/simple-reinforcement-learning-with-tensorflow-part-0-q-learning-with-tables-and-neural-networks-d195264329d0
24,q_learning,5463,https://buzzrobot.com/5-ways-to-get-started-with-reinforcement-learning-b96d1989c575
118,propositional_logic,6573,http://www.nltk.org/book/ch10.html
118,propositional_logic,2089,http://tangra.cs.yale.edu/newaan/data/resources/files/2089.pdf
118,propositional_logic,1826,https://www.nyu.edu/projects/bowman/NLU%20Guest%20Lecture%20S%272015.pdf
118,propositional_logic,5325,http://esslli2016.unibz.it/wp-content/uploads/2015/10/DrawingInferences.pdf
195,seq2seq,4141,https://github.com/tensorflow/nmt
195,seq2seq,3666,https://medium.com/towards-data-science/sequence-to-sequence-model-introduction-and-concepts-44d9b41cd42d
195,seq2seq,7597,https://docs.google.com/presentation/d/1quIMxEEPEf5EkRHc2USQaoJRC4QNX6_KomdZTBMBWjk/embed#slide=id.p
195,seq2seq,3064,https://github.com/spro/practical-pytorch/blob/master/seq2seq-translation/seq2seq-translation.ipynb
195,seq2seq,6877,https://blog.keras.io/a-ten-minute-introduction-to-sequence-to-sequence-learning-in-keras.html
183,query_expansion,2767,https://www.slideshare.net/BhaskarMitra3/neural-text-embeddings-for-information-retrieval-wsdm-2017
8,rouge,3304,https://metamind.io/research/your-tldr-by-an-ai-a-deep-reinforced-model-for-abstractive-summarization
8,rouge,2191,https://rare-technologies.com/text-summarization-in-python-extractive-vs-abstractive-techniques-revisited/
169,monte_carlo_tree_search,2428,https://www.tastehit.com/blog/google-deepmind-alphago-how-it-works/
169,monte_carlo_tree_search,6706,https://medium.com/@karpathy/alphago-in-context-c47718cb95a5
169,monte_carlo_tree_search,3379,https://rubenfiszel.github.io/posts/rl4j/2016-08-24-Reinforcement-Learning-and-DQN.html
116,k_means,5378,http://www.learndatasci.com/k-means-clustering-algorithms-python-intro/
116,k_means,1949,https://datasciencelab.wordpress.com/2013/12/12/clustering-with-k-means-in-python/
116,k_means,5820,https://www.datascience.com/blog/introduction-to-k-means-clustering-algorithm-learn-data-science-tutorials
116,k_means,2959,http://nbviewer.jupyter.org/github/temporaer/tutorial_ml_gkbionics/blob/master/2%20-%20KMeans.ipynb
116,k_means,4039,http://cs229.stanford.edu/notes/cs229-notes7a.pdf
198,lambda_calculus,4652,http://palmstroem.blogspot.ca/2012/05/lambda-calculus-for-absolute-dummies.html
198,lambda_calculus,1163,http://yoavartzi.com/pub/afz-tutorial.acl.2013.pdf
89,svm,2283,https://www.quora.com/What-does-support-vector-machine-SVM-mean-in-laymans-terms
89,svm,7078,https://www.cise.ufl.edu/class/cis4930sp11dtm/notes/intro_svm_new.pdf
89,svm,5363,https://blog.statsbot.co/support-vector-machines-tutorial-c1618e635e93
89,svm,3678,http://machinelearningmastery.com/support-vector-machines-for-machine-learning/
31,sentiment_analysis,7426,https://web.stanford.edu/~jurafsky/slp3/slides/7_Sent.pptx
31,sentiment_analysis,1140,http://www.saifmohammad.com/WebDocs/EMNLP2014-SentimentTutorial.pdf
31,sentiment_analysis,121,https://web.cs.dal.ca/~yongzhen/publication/paper/ICDM2011_SentimentAnalysisInPracticeTutorial.pdf
31,sentiment_analysis,1835,https://www.aclweb.org/mirror/emnlp2016/tutorials/zhang-vo-t4.pdf
31,sentiment_analysis,926,http://www.aclweb.org/anthology/attachments/P/P12/P12-4004.Presentation.pdf
145,dynamic_programming,6722,http://20bits.com/article/introduction-to-dynamic-programming
145,dynamic_programming,7487,https://www.autonlab.org/_media/tutorials/mdp09.pdf
98,cnn’s,3168,http://cs231n.github.io/convolutional-networks/
98,cnn’s,2139,http://tangra.cs.yale.edu/newaan/data/resources/files/2139.pdf
98,cnn’s,2306,http://www.kdnuggets.com/2016/11/intuitive-explanation-convolutional-neural-networks.html
98,cnn’s,2312,https://adeshpande3.github.io/adeshpande3.github.io/A-Beginner's-Guide-To-Understanding-Convolutional-Neural-Networks/
98,cnn’s,3526,https://medium.com/towards-data-science/deep-learning-2-f81ebe632d5c
82,boltzmann_machine,2836,https://deeplearning4j.org/restrictedboltzmannmachine.html
82,boltzmann_machine,4023,http://helper.ipam.ucla.edu/publications/gss2012/gss2012_10781.pdf
12,attention_models,4501,https://docs.google.com/presentation/d/1quIMxEEPEf5EkRHc2USQaoJRC4QNX6_KomdZTBMBWjk/edit?usp=drive_web
12,attention_models,3770,http://distill.pub/2016/augmented-rnns/
12,attention_models,6657,http://akosiorek.github.io/ml/2017/10/14/visual-attention.html
12,attention_models,4028,http://helper.ipam.ucla.edu/publications/gss2012/gss2012_10789.pdf
12,attention_models,4071,http://people.seas.harvard.edu/%7Esrush/emnlp2015_slides.pdf
72,multi_task_learning,3609,http://sebastianruder.com/multi-task/
72,multi_task_learning,5904,http://ruder.io/multi-task-learning-nlp/
72,multi_task_learning,4362,http://lxmls.it.pt/2013/stefan_slides.pdf
72,multi_task_learning,4503,https://drive.google.com/file/d/0BzUSSMdMszk6YVhFUUNLZnZLSWs/view
95,pagerank,4384,https://www.analyticsvidhya.com/blog/2015/04/pagerank-explained-simple/
95,pagerank,3338,http://mccormickml.com/2015/09/16/notes-on-pagerank/
95,pagerank,2555,http://colah.github.io/posts/2014-07-FFN-Graphs-Vis/
95,pagerank,1963,http://glowingpython.blogspot.com/2011/05/four-ways-to-compute-google-pagerank.html
95,pagerank,4347,http://lxmls.it.pt/2014/lisbon-bigdata-ml-2014.pdf
185,collaborative_filtering,6423,https://medium.com/towards-data-science/how-did-we-build-book-recommender-systems-in-an-hour-the-fundamentals-dfee054f978e
185,collaborative_filtering,3124,http://course.fast.ai/lessons/lesson4.html
185,collaborative_filtering,6587,https://hackernoon.com/spotifys-discover-weekly-how-machine-learning-finds-your-new-music-19a41ab76efe
185,collaborative_filtering,2478,http://www.johnwittenauer.net/machine-learning-exercises-in-python-part-8/
185,collaborative_filtering,4672,https://medium.com/deep-learning-journals/faster-ai-lesson-4-tl-dr-version-of-fast-ai-part-1-70124cacd560
127,matrix_multiplication,1989,http://www.kdnuggets.com/2016/11/linear-regression-least-squares-matrix-multiplication-concise-technical-overview.html
127,matrix_multiplication,3822,https://medium.com/towards-data-science/linear-algebra-cheat-sheet-for-deep-learning-cd67aba4526c
127,matrix_multiplication,3439,https://www.analyticsvidhya.com/blog/2017/05/comprehensive-guide-to-linear-algebra/
127,matrix_multiplication,6621,https://betterexplained.com/articles/matrix-multiplication/
127,matrix_multiplication,6674,https://medium.com/towards-data-science/under-the-hood-of-neural-network-forward-propagation-the-dreaded-matrix-multiplication-a5360b33426
93,random_walks,3637,https://medium.com/i-math/the-drunkards-walk-explained-48a0205d304
93,random_walks,2341,http://www.math.cmu.edu/~ctsourak/KDD09/FOILS/task1_svd.pdf
93,random_walks,2343,http://www.math.cmu.edu/~ctsourak/KDD09/FOILS/task3_recommendations.pdf
108,ensemble_learning,5532,https://blog.statsbot.co/ensemble-learning-d1dcd548e936
108,ensemble_learning,5383,https://medium.com/machine-learning-for-humans/supervised-learning-3-b1551b9c4930
108,ensemble_learning,4128,https://www.oreilly.com/ideas/ideas-on-interpreting-machine-learning
176,human_robot_interaction,2839,https://github.com/aikorea/awesome-rl
49,conditional_random_fields,2288,http://blog.echen.me/2012/01/03/introduction-to-conditional-random-fields/
49,conditional_random_fields,5526,http://www.robots.ox.ac.uk/~szheng/CRFasRNN.html
49,conditional_random_fields,5475,http://www.robots.ox.ac.uk/~szheng/crfasrnndemo
86,natural_language_generation,2108,http://tangra.cs.yale.edu/newaan/data/resources/files/2108.pdf
86,natural_language_generation,2109,http://tangra.cs.yale.edu/newaan/data/resources/files/2109.pdf
86,natural_language_generation,2110,http://tangra.cs.yale.edu/newaan/data/resources/files/2110.pdf
27,word_embedding,1804,https://docs.google.com/presentation/d/1yQWN1CDWLzxGeIAvnGgDsIJr5xmy4dB0VmHFKkLiibo/pub?start=false&loop=false&delayms=3000&slide=id.p
27,word_embedding,2166,https://www.tensorflow.org/versions/r0.11/tutorials/word2vec/
27,word_embedding,2134,http://tangra.cs.yale.edu/newaan/data/resources/files/2134.pdf
27,word_embedding,3791,http://sebastianruder.com/word-embeddings-1/index.html
27,word_embedding,1141,http://emnlp2014.org/tutorials/8_notes.pdf
9,scientific_article_summarization,2102,http://tangra.cs.yale.edu/newaan/data/resources/files/2102.pdf
9,scientific_article_summarization,1234,http://www.aclweb.org/anthology/P11-5003.pdf
9,scientific_article_summarization,1254,http://www.lrec-conf.org/proceedings/lrec2008/workshops/T4.pdf
9,scientific_article_summarization,2191,https://rare-technologies.com/text-summarization-in-python-extractive-vs-abstractive-techniques-revisited/
9,scientific_article_summarization,3544,http://www.abigailsee.com/2017/04/16/taming-rnns-for-better-summarization.html
170,structured_prediction,4292,http://lxmls.it.pt/2011/slides/day3_slides.tar.gz
170,structured_prediction,1831,https://www.aclweb.org/mirror/emnlp2016/tutorials/sun-feng-t6.pdf
170,structured_prediction,933,https://pdfs.semanticscholar.org/2389/9124a85eea50fd955812a33c50a663ece559.pdf
170,structured_prediction,4332,http://lxmls.it.pt/2014/aquattoni-lxmls.pdf
18,context_free_grammar,4341,http://lxmls.it.pt/2011/guide_day4.pdf
18,context_free_grammar,1218,http://www.cs.haifa.ac.il/~shuly/malta-slides.pdf
18,context_free_grammar,4456,http://lxmls.it.pt/2017/const-parsing.pdf
18,context_free_grammar,1256,http://www.cs.columbia.edu/~mcollins/papers/tutorial_colt.pdf
18,context_free_grammar,162,http://www.seas.upenn.edu/~joshi/syn-grammars-tree-automata-chiang-knight-06.ppt
111,text_mining,2619,http://www.akbarian.org/notes/text-mining-nlp-python/
111,text_mining,4653,http://blog.aylien.com/first-text-mining-project-python-3-steps/
111,text_mining,7072,http://fragkiskos.me/projects/graph_text_tutorial/Graph-based_Text_Representations_Tutorial_EMNLP_2017.pdf
111,text_mining,1215,http://www.clips.ua.ac.be/BioTM2010/talks/Krallinger.pdf
96,topic_modeling,2180,https://algobeans.com/2015/06/21/laymans-explanation-of-topic-modeling-with-lda-2/
96,topic_modeling,5937,https://appliedmachinelearning.wordpress.com/2017/09/28/topic-modelling-part-2-discovering-topics-from-articles-with-latent-dirichlet-allocation/
96,topic_modeling,2181,https://www.analyticsvidhya.com/blog/2016/08/beginners-guide-to-topic-modeling-in-python/
96,topic_modeling,4539,https://www.microsoft.com/en-us/research/wp-content/uploads/2016/02/wsdm2015.v3.pdf
96,topic_modeling,1146,http://www.emnlp2015.org/tutorials/34/34_OptionalAttachment.pdf
173,regularization,4037,http://cs229.stanford.edu/notes/cs229-notes5.pdf
173,regularization,3165,http://cs231n.github.io/neural-networks-2/
173,regularization,7108,https://medium.com/mlreview/l1-norm-regularization-and-sparsity-explained-for-dummies-5b0e4be3938a
173,regularization,7110,https://towardsdatascience.com/regularization-in-machine-learning-76441ddcf99a
173,regularization,2736,http://cs231n.github.io/neural-networks-case-study/
167,t_sne,6447,http://cs.stanford.edu/people/karpathy/tsnejs/
167,t_sne,2466,https://lvdmaaten.github.io/tsne/
167,t_sne,3299,https://www.linkedin.com/pulse/dimensionality-reduction-technique-tsne-vs-pca-zenodia-charpy
167,t_sne,4134,https://www.oreilly.com/learning/an-illustrated-introduction-to-the-t-sne-algorithm
167,t_sne,3300,https://www.analyticsvidhya.com/blog/2017/01/t-sne-implementation-r-python/
102,phonetics,6947,https://www.svds.com/open-source-toolkits-speech-recognition/
102,phonetics,7225,https://www.microsoft.com/en-us/research/wp-content/uploads/2016/07/interspeech-tutorial-2015-lideng-sept6a.pdf
102,phonetics,5317,http://esslli2016.unibz.it/wp-content/uploads/2016/08/dataInCHL.pdf
188,smoothing_and_backoff,1155,http://nlp.stanford.edu/~wcmac/papers/20050421-smoothing-tutorial.pdf
188,smoothing_and_backoff,2044,http://tangra.cs.yale.edu/newaan/data/resources/files/2044.pdf
2,anaphora_resolution,6573,http://www.nltk.org/book/ch10.html
2,anaphora_resolution,1164,http://www.cs.tufts.edu/comp/150AIH/pdf/NadkarniOC11.pdf
2,anaphora_resolution,1707,https://github.com/jacobeisenstein/gt-nlp-class/blob/master/notes/eisenstein-nlp-notes.pdf
2,anaphora_resolution,837,http://citeseerx.ist.psu.edu/viewdoc/download?doi=10.1.1.170.7951&rep=rep1&type=pdf
2,anaphora_resolution,1791,http://icml.cc/2015/tutorials/icml2015-nlu-tutorial.pdf
164,object_detection,5461,https://medium.com/towards-data-science/deep-learning-for-object-detection-a-comprehensive-review-73930816d8d9
164,object_detection,6101,https://www.pyimagesearch.com/2017/09/18/real-time-object-detection-with-deep-learning-and-opencv/
164,object_detection,6983,https://www.oreilly.com/ideas/object-detection-with-tensorflow
164,object_detection,6589,https://averdones.github.io/tensorflow-object-detection-star-wars/
164,object_detection,4489,http://cs.nyu.edu/~fergus/presentations/nips2013_final.pdf
53,question_answering,3435,https://theneuralperspective.com/2017/04/26/question-answering-from-unstructured-text-by-retrieval-and-comprehension/
53,question_answering,4609,http://smerity.com/articles/2015/keras_qa.html
53,question_answering,2098,http://tangra.cs.yale.edu/newaan/data/resources/files/2098.pdf
53,question_answering,2099,http://tangra.cs.yale.edu/newaan/data/resources/files/2099.pdf
53,question_answering,2143,http://tangra.cs.yale.edu/newaan/data/resources/files/2143.pdf
147,spelling_correction,7421,https://web.stanford.edu/~jurafsky/slp3/5.pdf
147,spelling_correction,3284,https://medium.com/@majortal/deep-spelling-9ffef96a24f6
141,paraphrasing,947,https://www.jair.org/media/2985/live-2985-5001-jair.pdf
141,paraphrasing,7071,https://simons.berkeley.edu/sites/default/files/docs/6466/gimpel-simons.pdf
141,paraphrasing,828,http://nlp.stanford.edu/courses/NAACL2013/NAACL2013-Socher-Manning-DeepLearning.pdf
141,paraphrasing,1822,http://coling2016.anlp.jp/doc/tutorial/slides/T1/KartsaklisSadrzadeh.pdf
141,paraphrasing,2087,http://tangra.cs.yale.edu/newaan/data/resources/files/2087.pdf
163,imagenet,6606,http://image-net.org/
163,imagenet,4489,http://cs.nyu.edu/~fergus/presentations/nips2013_final.pdf
163,imagenet,6606,http://image-net.org/
163,imagenet,6427,https://medium.com/@julsimon/imagenet-part-1-going-on-an-adventure-c0a62976dc72
163,imagenet,7076,http://www.deeplearningindaba.com/uploads/1/0/2/6/102657286/indaba_convolutional.pdf
129,facial_recognition_systems,7145,https://machinelearning.apple.com/2017/11/16/face-detection.html
129,facial_recognition_systems,6952,http://www.lewisgavin.co.uk/DeepLearningFace/
3,generative_adversarial_networks,7026,https://towardsdatascience.com/generative-adversarial-networks-part-ii-6212f7755c1f
3,generative_adversarial_networks,3492,https://www.analyticsvidhya.com/blog/2017/06/introductory-generative-adversarial-networks-gans/
3,generative_adversarial_networks,4642,https://sigmoidal.io/beginners-review-of-gan-architectures/
3,generative_adversarial_networks,2867,http://www.kdnuggets.com/2016/10/deep-learning-research-review-generative-adversarial-networks.html
3,generative_adversarial_networks,3458,http://www.offconvex.org/2017/03/15/GANs/
50,deep_belief_networks,4000,http://helper.ipam.ucla.edu/publications/gss2012/gss2012_10596.pdf
50,deep_belief_networks,1151,https://cs.jhu.edu/~kevinduh/a/deep2014/140116-ResearchSeminar.pdf
50,deep_belief_networks,4024,http://helper.ipam.ucla.edu/publications/gss2012/gss2012_10782.pdf
50,deep_belief_networks,3961,https://www.slideshare.net/xavigiro/deep-belief-networks-d2l1-deep-learning-for-speech-and-language-upc-2017
50,deep_belief_networks,1801,www.cs.cmu.edu/~rsalakhu/talk_Simons_part2_pdf.pdf
123,textual_entailment,965,http://u.cs.biu.ac.il/~dagan/TE-Tutorial-ACL07.ppt
123,textual_entailment,4123,https://www.oreilly.com/learning/textual-entailment-with-tensorflow
121,tokenization,3387,http://textminingonline.com/dive-into-nltk-part-ii-sentence-tokenize-and-word-tokenize
121,tokenization,3983,http://universaldependencies.org/eacl17tutorial/morphology.pdf
121,tokenization,4126,https://www.oreilly.com/learning/how-can-i-tokenize-a-sentence-with-python
206,regular_expressions,7418,https://web.stanford.edu/~jurafsky/slp3/2.pdf
206,regular_expressions,3491,https://www.analyticsvidhya.com/blog/2017/03/extracting-information-from-reports-using-regular-expressons-library-in-python/
206,regular_expressions,5936,https://appliedmachinelearning.wordpress.com/2017/08/28/topic-modelling-part-1-creating-article-corpus-from-simple-wikipedia-dump/
206,regular_expressions,2051,http://tangra.cs.yale.edu/newaan/data/resources/files/2051.pdf
206,regular_expressions,3491,https://www.analyticsvidhya.com/blog/2017/03/extracting-information-from-reports-using-regular-expressons-library-in-python/
171,feature_learning,4031,http://helper.ipam.ucla.edu/publications/gss2012/gss2012_10794.pdf
171,feature_learning,4029,http://helper.ipam.ucla.edu/publications/gss2012/gss2012_10790.pdf
171,feature_learning,3997,http://helper.ipam.ucla.edu/publications/gss2012/gss2012_10551.pdf
171,feature_learning,4528,https://simons.berkeley.edu/sites/default/files/docs/6449/christophermanning.pdf
171,feature_learning,4017,http://helper.ipam.ucla.edu/publications/gss2012/gss2012_10755.pdf
139,natural_language_interfaces,3235,https://aws.amazon.com/lex/
85,first_order_logic,5337,http://esslli2016.unibz.it/wp-content/uploads/2016/08/MeaningRepresentations.pdf
85,first_order_logic,6573,http://www.nltk.org/book/ch10.html
85,first_order_logic,5318,http://esslli2016.unibz.it/wp-content/uploads/2016/08/day1.pdf
85,first_order_logic,2090,http://tangra.cs.yale.edu/newaan/data/resources/files/2090.pdf
92,k_nn,2420,http://www.kdnuggets.com/2016/01/implementing-your-own-knn-using-python.html
92,k_nn,3893,http://cs231n.github.io/classification/
92,k_nn,1954,http://glowingpython.blogspot.com/2012/04/k-nearest-neighbour-classifier.html
92,k_nn,1955,http://glowingpython.blogspot.com/2012/04/k-nearest-neighbor-search.html
92,k_nn,6424,https://medium.com/towards-data-science/how-did-we-build-book-recommender-systems-in-an-hour-part-2-k-nearest-neighbors-and-matrix-c04b3c2ef55c
59,discourse_model,837,http://citeseerx.ist.psu.edu/viewdoc/download?doi=10.1.1.170.7951&rep=rep1&type=pdf
59,discourse_model,1191,http://naacl2013.naacl.org/Documents/discourse-processing-naacl-2013-tutorial.pdf
59,discourse_model,970,https://www.seas.upenn.edu/~pdtb/papers/joshi-etal06-discourse-annotation-tutorial.ppt
36,relation_extraction,4345,http://lxmls.it.pt/2013/lecture_sebastian.pdf
36,relation_extraction,2052,http://tangra.cs.yale.edu/newaan/data/resources/files/2052.pdf
166,singular_value_decomposition,6967,https://blog.statsbot.co/singular-value-decomposition-tutorial-52c695315254
166,singular_value_decomposition,5915,https://bicorner.com/2016/03/28/text-summarization-using-single-value-decomposition/
166,singular_value_decomposition,2085,http://tangra.cs.yale.edu/newaan/data/resources/files/2085.pdf
166,singular_value_decomposition,1716,http://www.deeplearningbook.org/slides/02_linear_algebra.pdf
166,singular_value_decomposition,3920,http://www.cedar.buffalo.edu/~srihari/CSE574/Chap1/LinearAlgebra.pdf
90,decision_trees,7065,https://engineering.purdue.edu/kak/Tutorials/DecisionTreeClassifiers.pdf
90,decision_trees,5331,http://esslli2016.unibz.it/wp-content/uploads/2015/10/lecture3.pdf
90,decision_trees,3588,http://www.kdnuggets.com/2017/05/simplifying-decision-tree-interpretation-decision-rules-python.html
90,decision_trees,5383,https://medium.com/machine-learning-for-humans/supervised-learning-3-b1551b9c4930
90,decision_trees,5332,http://esslli2016.unibz.it/wp-content/uploads/2015/10/lecture4.pdf
84,dimensionality_reduction,6792,https://www.analyticsvidhya.com/blog/2015/07/dimension-reduction-methods/
84,dimensionality_reduction,2891,http://colah.github.io/posts/2014-10-Visualizing-MNIST/
84,dimensionality_reduction,2085,http://tangra.cs.yale.edu/newaan/data/resources/files/2085.pdf
84,dimensionality_reduction,3216,https://kevincodeidea.wordpress.com/2016/02/03/reconstruction-pca-svd-and-autoencoder/
84,dimensionality_reduction,6967,https://blog.statsbot.co/singular-value-decomposition-tutorial-52c695315254
186,character_level_language_models,7226,https://people.csail.mit.edu/dsontag/papers/kim_etal_AAAI16_slides.pdf
186,character_level_language_models,2290,http://www.wildml.com/2015/11/understanding-convolutional-neural-networks-for-nlp/
186,character_level_language_models,2391,http://nbviewer.jupyter.org/gist/yoavg/d76121dfde2618422139
186,character_level_language_models,3829,http://pytorch.org/tutorials/intermediate/char_rnn_generation_tutorial.html
186,character_level_language_models,3728,http://torch.ch/blog/2016/07/25/nce.html
142,spectral_clustering,7051,https://arxiv.org/pdf/0904.3664.pdf
142,spectral_clustering,3917,http://i.stanford.edu/~jure/pub/talks2/leskovec-networks-02-communities.pdf
142,spectral_clustering,3657,https://calculatedcontent.com/2012/10/09/spectral-clustering/
142,spectral_clustering,5378,http://www.learndatasci.com/k-means-clustering-algorithms-python-intro/
88,perceptrons_algorithm,2170,https://datasciencelab.wordpress.com/2014/01/10/machine-learning-classics-the-perceptron/
88,perceptrons_algorithm,2126,http://tangra.cs.yale.edu/newaan/data/resources/files/2126.pdf
88,perceptrons_algorithm,2171,https://triangleinequality.wordpress.com/2014/02/24/enter-the-perceptron/
88,perceptrons_algorithm,3157,https://ml.berkeley.edu/blog/2016/12/24/tutorial-2/
88,perceptrons_algorithm,3700,http://machinelearningmastery.com/implement-perceptron-algorithm-scratch-python/
58,variational_bayes,951,https://cs.stanford.edu/~pliang/papers/tutorial-acl2007-talk.pdf
58,variational_bayes,3922,Link Unknown
58,variational_bayes,6909,http://www.inference.vc/variational-inference-with-implicit-probabilistic-models-part-1-2/
58,variational_bayes,4478,https://drive.google.com/file/d/0B6NHiPcsmak1RUlucW1RN29oS3M/view
197,graph_convolutional_networks,3753,http://tkipf.github.io/graph-convolutional-networks/
197,graph_convolutional_networks,6908,http://www.inference.vc/how-powerful-are-graph-convolutions-review-of-kipf-welling-2016-2/
51,word_sense_disambiguation,7430,https://web.stanford.edu/~jurafsky/slp3/slides/Chapter18.wsd.pptx
51,word_sense_disambiguation,959,http://www.inf.ed.ac.uk/teaching/courses/emnlp/slides/emnlp11-1x2.pdf
51,word_sense_disambiguation,2097,http://tangra.cs.yale.edu/newaan/data/resources/files/2097.pdf
51,word_sense_disambiguation,4357,http://lxmls.it.pt/2015/Navigli_Lisbon.pdf
51,word_sense_disambiguation,1203,http://homepages.inf.ed.ac.uk/pkoehn/publications/esslli-slides-day4.pdf
42,optical_character_recognition,4736,https://cloud.google.com/blog/big-data/2016/09/experience-googles-machine-learning-on-your-own-images-voice-and-text
42,optical_character_recognition,3494,https://www.analyticsvidhya.com/blog/2017/01/ultimate-guide-to-understand-implement-natural-language-processing-codes-in-python/
42,optical_character_recognition,7021,https://www.learnopencv.com/handwritten-digits-classification-an-opencv-c-python-tutorial/
